{"name":"f377533b-c106-4e97-bfdc-c2919c1b753d","id":"/providers/Microsoft.Flow/flows/f377533b-c106-4e97-bfdc-c2919c1b753d","type":"Microsoft.Flow/flows","properties":{"apiId":"/providers/Microsoft.PowerApps/apis/shared_logicflows","displayName":"WorkflowHistory-CreateList","definition":{"metadata":{"workflowEntityId":null,"flowclientsuspensionreason":"None","flowclientsuspensiontime":null,"creator":{"id":"696ffc3f-69c1-47ce-b9ca-46165d8f2d52","type":"User","tenantId":"8a5ee357-7de0-4836-ab20-9173b12cdce9"},"provisioningMethod":"FromDefinition","failureAlertSubscription":true,"clientLastModifiedTime":"2020-11-28T23:17:05.4256007Z"},"$schema":"https://schema.management.azure.com/providers/Microsoft.Logic/schemas/2016-06-01/workflowdefinition.json#","contentVersion":"1.0.0.0","parameters":{"$connections":{"defaultValue":{},"type":"Object"},"$authentication":{"defaultValue":{},"type":"SecureObject"}},"triggers":{"manual":{"type":"Request","kind":"Button","inputs":{"schema":{"type":"object","properties":{},"required":[]}}}},"actions":{"Init-varSettings":{"runAfter":{},"type":"InitializeVariable","inputs":{"variables":[{"name":"varSettings","type":"object","value":{"siteUrl":"https://m365x725618.sharepoint.com/sites/Flow-Dev","workflowHistoryTitle":"WorkflowHistory1","workflowHistoryDetailTitle":"WorkflowHistoryDetail1"}}]}},"Create-WorkflowHistory":{"actions":{"CreateList-WorkflowHistory":{"runAfter":{},"type":"OpenApiConnection","inputs":{"host":{"apiId":"/providers/Microsoft.PowerApps/apis/shared_sharepointonline","connectionName":"shared_sharepointonline","operationId":"HttpRequest"},"parameters":{"dataset":"@variables('varSettings').siteUrl","parameters/method":"POST","parameters/uri":"/_api/web/lists","parameters/headers":{"Accept":"application/json;odata=verbose","Content-Type":"application/json;odata=verbose"},"parameters/body":"{\n  \"__metadata\": {\"type\": \"SP.List\"},\n  \"AllowContentTypes\": true,\n  \"BaseTemplate\": 100,\n \"Description\": \"Workflow history list\",\n \"Title\": \"@{variables('varSettings').workflowHistoryTitle}\"\n}"},"authentication":{"value":"@json(decodeBase64(triggerOutputs().headers['X-MS-APIM-Tokens']))['$ConnectionKey']","type":"Raw"}}},"CreateField-CreatorId":{"runAfter":{"CreateList-WorkflowHistory":["Succeeded"]},"type":"OpenApiConnection","inputs":{"host":{"apiId":"/providers/Microsoft.PowerApps/apis/shared_sharepointonline","connectionName":"shared_sharepointonline","operationId":"HttpRequest"},"parameters":{"dataset":"@variables('varSettings').siteUrl","parameters/method":"POST","parameters/uri":"_api/lists/getbytitle('@{variables('varSettings').workflowHistoryTitle}')/fields","parameters/headers":{"Accept":"application/json;odata=verbose","Content-Type":"application/json;odata=verbose"},"parameters/body":"{\n    '__metadata': {'type':'SP.Field'},\n    'FieldTypeKind': 2,\n     'Title': 'CreatorId'\n}"},"authentication":{"value":"@json(decodeBase64(triggerOutputs().headers['X-MS-APIM-Tokens']))['$ConnectionKey']","type":"Raw"}}},"CreateField-ListTitle":{"runAfter":{"AddFieldToView-CreatorId":["Succeeded"]},"type":"OpenApiConnection","inputs":{"host":{"apiId":"/providers/Microsoft.PowerApps/apis/shared_sharepointonline","connectionName":"shared_sharepointonline","operationId":"HttpRequest"},"parameters":{"dataset":"@variables('varSettings').siteUrl","parameters/method":"POST","parameters/uri":"_api/lists/getbytitle('@{variables('varSettings').workflowHistoryTitle}')/fields","parameters/headers":{"Accept":"application/json;odata=verbose","Content-Type":"application/json;odata=verbose"},"parameters/body":"{\n    '__metadata': {'type':'SP.Field'},\n    'FieldTypeKind': 2,\n     'Title': 'ListTitle'\n}"},"authentication":{"value":"@json(decodeBase64(triggerOutputs().headers['X-MS-APIM-Tokens']))['$ConnectionKey']","type":"Raw"}}},"CreateField-RunId":{"runAfter":{"AddFieldToView-ListTitle":["Succeeded"]},"type":"OpenApiConnection","inputs":{"host":{"apiId":"/providers/Microsoft.PowerApps/apis/shared_sharepointonline","connectionName":"shared_sharepointonline","operationId":"HttpRequest"},"parameters":{"dataset":"@variables('varSettings').siteUrl","parameters/method":"POST","parameters/uri":"_api/lists/getbytitle('@{variables('varSettings').workflowHistoryTitle}')/fields","parameters/headers":{"Accept":"application/json;odata=verbose","Content-Type":"application/json;odata=verbose"},"parameters/body":"{\n    '__metadata': {'type':'SP.Field'},\n    'FieldTypeKind': 2,\n     'Title': 'RunId'\n}"},"authentication":{"value":"@json(decodeBase64(triggerOutputs().headers['X-MS-APIM-Tokens']))['$ConnectionKey']","type":"Raw"}}},"AddFieldToView-CreatorId":{"runAfter":{"CreateField-CreatorId":["Succeeded"]},"type":"OpenApiConnection","inputs":{"host":{"apiId":"/providers/Microsoft.PowerApps/apis/shared_sharepointonline","connectionName":"shared_sharepointonline","operationId":"HttpRequest"},"parameters":{"dataset":"@variables('varSettings').siteUrl","parameters/method":"POST","parameters/uri":"_api/web/lists/GetByTitle('@{variables('varSettings').workflowHistoryTitle}')/views/getbytitle('All Items')/ViewFields/AddViewField('CreatorId')","parameters/headers":{"accept":"application/json;odata=verbose","content-Type":"application/json;odata=verbose"}},"authentication":{"value":"@json(decodeBase64(triggerOutputs().headers['X-MS-APIM-Tokens']))['$ConnectionKey']","type":"Raw"}}},"AddFieldToView-ListTitle":{"runAfter":{"CreateField-ListTitle":["Succeeded"]},"type":"OpenApiConnection","inputs":{"host":{"apiId":"/providers/Microsoft.PowerApps/apis/shared_sharepointonline","connectionName":"shared_sharepointonline","operationId":"HttpRequest"},"parameters":{"dataset":"@variables('varSettings').siteUrl","parameters/method":"POST","parameters/uri":"_api/web/lists/GetByTitle('@{variables('varSettings').workflowHistoryTitle}')/views/getbytitle('All Items')/ViewFields/AddViewField('ListTitle')","parameters/headers":{"accept":"application/json;odata=verbose","content-Type":"application/json;odata=verbose"}},"authentication":{"value":"@json(decodeBase64(triggerOutputs().headers['X-MS-APIM-Tokens']))['$ConnectionKey']","type":"Raw"}}},"AddFieldToView-RunId":{"runAfter":{"CreateField-RunId":["Succeeded"]},"type":"OpenApiConnection","inputs":{"host":{"apiId":"/providers/Microsoft.PowerApps/apis/shared_sharepointonline","connectionName":"shared_sharepointonline","operationId":"HttpRequest"},"parameters":{"dataset":"@variables('varSettings').siteUrl","parameters/method":"POST","parameters/uri":"_api/web/lists/GetByTitle('@{variables('varSettings').workflowHistoryTitle}')/views/getbytitle('All Items')/ViewFields/AddViewField('RunId')","parameters/headers":{"accept":"application/json;odata=verbose","content-Type":"application/json;odata=verbose"}},"authentication":{"value":"@json(decodeBase64(triggerOutputs().headers['X-MS-APIM-Tokens']))['$ConnectionKey']","type":"Raw"}}},"CreateField-ParentRunId":{"runAfter":{"AddFieldToView-RunId":["Succeeded"]},"type":"OpenApiConnection","inputs":{"host":{"apiId":"/providers/Microsoft.PowerApps/apis/shared_sharepointonline","connectionName":"shared_sharepointonline","operationId":"HttpRequest"},"parameters":{"dataset":"@variables('varSettings').siteUrl","parameters/method":"POST","parameters/uri":"_api/lists/getbytitle('@{variables('varSettings').workflowHistoryTitle}')/fields","parameters/headers":{"Accept":"application/json;odata=verbose","Content-Type":"application/json;odata=verbose"},"parameters/body":"{\n    '__metadata': {'type':'SP.Field'},\n    'FieldTypeKind': 2,\n     'Title': 'ParentRunId'\n}"},"authentication":{"value":"@json(decodeBase64(triggerOutputs().headers['X-MS-APIM-Tokens']))['$ConnectionKey']","type":"Raw"}}},"AddFieldToView-ParentRunId":{"runAfter":{"CreateField-ParentRunId":["Succeeded"]},"type":"OpenApiConnection","inputs":{"host":{"apiId":"/providers/Microsoft.PowerApps/apis/shared_sharepointonline","connectionName":"shared_sharepointonline","operationId":"HttpRequest"},"parameters":{"dataset":"@variables('varSettings').siteUrl","parameters/method":"POST","parameters/uri":"_api/web/lists/GetByTitle('@{variables('varSettings').workflowHistoryTitle}')/views/getbytitle('All Items')/ViewFields/AddViewField('ParentRunId')","parameters/headers":{"accept":"application/json;odata=verbose","content-Type":"application/json;odata=verbose"}},"authentication":{"value":"@json(decodeBase64(triggerOutputs().headers['X-MS-APIM-Tokens']))['$ConnectionKey']","type":"Raw"}}}},"runAfter":{"Init-varSettings":["Succeeded"]},"type":"Scope"},"Create-WorkflowHistoryDetail":{"actions":{"CreateList-WorkflowHistoryDetail":{"runAfter":{},"type":"OpenApiConnection","inputs":{"host":{"apiId":"/providers/Microsoft.PowerApps/apis/shared_sharepointonline","connectionName":"shared_sharepointonline","operationId":"HttpRequest"},"parameters":{"dataset":"@variables('varSettings').siteUrl","parameters/method":"POST","parameters/uri":"/_api/web/lists","parameters/headers":{"Accept":"application/json;odata=verbose","Content-Type":"application/json;odata=verbose"},"parameters/body":"{\n  \"__metadata\": {\"type\": \"SP.List\"},\n  \"AllowContentTypes\": true,\n  \"BaseTemplate\": 100,\n \"Description\": \"Workflow history list\",\n \"Title\": \"@{variables('varSettings').workflowHistoryDetailTitle}\"\n}"},"authentication":{"value":"@json(decodeBase64(triggerOutputs().headers['X-MS-APIM-Tokens']))['$ConnectionKey']","type":"Raw"}}},"CreateField-Message":{"runAfter":{"CreateList-WorkflowHistoryDetail":["Succeeded"]},"type":"OpenApiConnection","inputs":{"host":{"apiId":"/providers/Microsoft.PowerApps/apis/shared_sharepointonline","connectionName":"shared_sharepointonline","operationId":"HttpRequest"},"parameters":{"dataset":"@variables('varSettings').siteUrl","parameters/method":"POST","parameters/uri":"_api/lists/getbytitle('@{variables('varSettings').workflowHistoryDetailTitle}')/fields","parameters/headers":{"Accept":"application/json;odata=verbose","Content-Type":"application/json;odata=verbose"},"parameters/body":"{\n    '__metadata': {'type':'SP.Field'},\n    'FieldTypeKind': 3,\n     'Title': 'Message'\n}"},"authentication":{"value":"@json(decodeBase64(triggerOutputs().headers['X-MS-APIM-Tokens']))['$ConnectionKey']","type":"Raw"}}},"AddFieldToView-Message":{"runAfter":{"CreateField-Message":["Succeeded"]},"type":"OpenApiConnection","inputs":{"host":{"apiId":"/providers/Microsoft.PowerApps/apis/shared_sharepointonline","connectionName":"shared_sharepointonline","operationId":"HttpRequest"},"parameters":{"dataset":"@variables('varSettings').siteUrl","parameters/method":"POST","parameters/uri":"_api/web/lists/GetByTitle('@{variables('varSettings').workflowHistoryDetailTitle}')/views/getbytitle('All Items')/ViewFields/AddViewField('Message')","parameters/headers":{"accept":"application/json;odata=verbose","content-Type":"application/json;odata=verbose"}},"authentication":{"value":"@json(decodeBase64(triggerOutputs().headers['X-MS-APIM-Tokens']))['$ConnectionKey']","type":"Raw"}}},"RenameField-RunId":{"runAfter":{"AddFieldToView-Message":["Succeeded"]},"type":"OpenApiConnection","inputs":{"host":{"apiId":"/providers/Microsoft.PowerApps/apis/shared_sharepointonline","connectionName":"shared_sharepointonline","operationId":"HttpRequest"},"parameters":{"dataset":"@variables('varSettings').siteUrl","parameters/method":"PATCH","parameters/uri":"_api/web/lists/GetByTitle('@{variables('varSettings').workflowHistoryDetailTitle}')/Fields/GetByInternalNameOrTitle('Title')","parameters/headers":{"accept":"application/json","content-Type":"application/json"},"parameters/body":"{\n    \"Title\":\"RunId\"\n}"},"authentication":{"value":"@json(decodeBase64(triggerOutputs().headers['X-MS-APIM-Tokens']))['$ConnectionKey']","type":"Raw"}}}},"runAfter":{"Create-WorkflowHistory":["Succeeded"]},"type":"Scope"}}},"connectionReferences":{"shared_sharepointonline":{"connectionName":"03230dfbfd0346e592215ce51caf15c1","source":"Invoker","id":"/providers/Microsoft.PowerApps/apis/shared_sharepointonline","tier":"NotSpecified"}},"flowFailureAlertSubscribed":false}}