{"name":"f7824c91-c6a7-4154-9979-a60a1804c498","id":"/providers/Microsoft.Flow/flows/f7824c91-c6a7-4154-9979-a60a1804c498","type":"Microsoft.Flow/flows","properties":{"apiId":"/providers/Microsoft.PowerApps/apis/shared_logicflows","displayName":"WorkflowHistory-Sample","definition":{"metadata":{"workflowEntityId":null,"flowclientsuspensionreason":"None","flowclientsuspensiontime":null,"creator":{"id":"696ffc3f-69c1-47ce-b9ca-46165d8f2d52","type":"User","tenantId":"8a5ee357-7de0-4836-ab20-9173b12cdce9"},"provisioningMethod":"FromDefinition","failureAlertSubscription":true,"clientLastModifiedTime":"2020-11-29T00:42:00.7939608Z"},"$schema":"https://schema.management.azure.com/providers/Microsoft.Logic/schemas/2016-06-01/workflowdefinition.json#","contentVersion":"1.0.0.0","parameters":{"$connections":{"defaultValue":{},"type":"Object"},"$authentication":{"defaultValue":{},"type":"SecureObject"}},"triggers":{"When_an_item_is_created":{"recurrence":{"frequency":"Minute","interval":3},"splitOn":"@triggerOutputs()?['body/value']","type":"OpenApiConnection","inputs":{"host":{"apiId":"/providers/Microsoft.PowerApps/apis/shared_sharepointonline","connectionName":"shared_sharepointonline","operationId":"GetOnNewItems"},"parameters":{"dataset":"https://m365x725618.sharepoint.com/sites/Flow-Dev","table":"f0612d6a-8364-41c2-bef3-d5e298c90033"},"authentication":"@parameters('$authentication')"}}},"actions":{"Initialize_variable":{"runAfter":{},"type":"InitializeVariable","inputs":{"variables":[{"name":"varSettings","type":"object","value":{"SiteUrl":"https://m365x725618.sharepoint.com/sites/Flow-Dev","TriggerListTitle":"Orders","WorkflowHistoryList":"WorkflowHistory1","WorkflowHistoryDetailList":"WorkflowHistoryDetail1","RunId":"@{guid()}"}}]}},"Get_Flow":{"runAfter":{"Initialize_variable":["Succeeded"]},"type":"OpenApiConnection","inputs":{"host":{"apiId":"/providers/Microsoft.PowerApps/apis/shared_flowmanagement","connectionName":"shared_flowmanagement","operationId":"GetFlow"},"parameters":{"environmentName":"Default-8a5ee357-7de0-4836-ab20-9173b12cdce9","flowName":"f7824c91-c6a7-4154-9979-a60a1804c498"},"authentication":"@parameters('$authentication')"}},"Scope-LogWorkflowHistory":{"actions":{"Set-varWorkflowHistoryItem":{"runAfter":{},"type":"SetVariable","inputs":{"name":"varWorkflowHistoryItem","value":{"Title":"@{outputs('Get_Flow')?['body/properties/displayName']}","CreatorId":"@{outputs('Get_Flow')?['body/properties/creator/userId']}","RunId":"@{variables('varSettings').RunId}","ListTitle":"@{variables('varSettings').TriggerListTitle}"}}},"CreateItem-WorkflowHistory":{"runAfter":{"Set-varWorkflowHistoryItem":["Succeeded"]},"type":"OpenApiConnection","inputs":{"host":{"apiId":"/providers/Microsoft.PowerApps/apis/shared_sharepointonline","connectionName":"shared_sharepointonline","operationId":"PostItem"},"parameters":{"dataset":"@variables('varSettings').SiteUrl","table":"@variables('varSettings').WorkflowHistoryList","item":"@variables('varWorkflowHistoryItem')"},"authentication":"@parameters('$authentication')"}}},"runAfter":{"Init-varWorkflowHistoryDetailItem":["Succeeded"]},"type":"Scope"},"Init-varWorkflowHistoryItem":{"runAfter":{"Get_Flow":["Succeeded"]},"type":"InitializeVariable","inputs":{"variables":[{"name":"varWorkflowHistoryItem","type":"object"}]}},"Scope-LogWorkflowHistoryDetail-Start":{"actions":{"WorkflowHistoryDetail-Start":{"runAfter":{},"type":"Compose","inputs":"@setProperty(variables('varWorkflowHistoryDetailItem'),'Message','Flow was started')"},"LogWorkflowHistoryDetail-Start":{"runAfter":{"WorkflowHistoryDetail-Start":["Succeeded"]},"type":"OpenApiConnection","inputs":{"host":{"apiId":"/providers/Microsoft.PowerApps/apis/shared_sharepointonline","connectionName":"shared_sharepointonline","operationId":"PostItem"},"parameters":{"dataset":"@variables('varSettings').SiteUrl","table":"@variables('varSettings').WorkflowHistoryDetailList","item":"@outputs('WorkflowHistoryDetail-Start')"},"authentication":"@parameters('$authentication')"}}},"runAfter":{"Scope-LogWorkflowHistory":["Succeeded"]},"type":"Scope"},"Init-varWorkflowHistoryDetailItem":{"runAfter":{"Init-varWorkflowHistoryItem":["Succeeded"]},"type":"InitializeVariable","inputs":{"variables":[{"name":"varWorkflowHistoryDetailItem","type":"object","value":{"Title":"@{variables('varSettings').RunId}","Message":""}}]}},"Delay":{"runAfter":{"Scope-LogWorkflowHistoryDetail-Start":["Succeeded"]},"type":"Wait","inputs":{"interval":{"count":1,"unit":"Minute"}}},"Scope-LogWorkflowHistoryDetail-End":{"actions":{"WorkflowHistoryDetail-End":{"runAfter":{},"type":"Compose","inputs":"@setProperty(variables('varWorkflowHistoryDetailItem'), 'Message', 'Flow was started')"},"LogWorkflowHistoryDetail-End":{"runAfter":{"WorkflowHistoryDetail-End":["Succeeded"]},"type":"OpenApiConnection","inputs":{"host":{"apiId":"/providers/Microsoft.PowerApps/apis/shared_sharepointonline","connectionName":"shared_sharepointonline","operationId":"PostItem"},"parameters":{"dataset":"@variables('varSettings').SiteUrl","table":"@variables('varSettings').WorkflowHistoryDetailList","item":"@outputs('WorkflowHistoryDetail-End')"},"authentication":"@parameters('$authentication')"}}},"runAfter":{"Delay":["Succeeded"]},"type":"Scope"}},"outputs":{}},"connectionReferences":{"shared_flowmanagement":{"connectionName":"shared-flowmanagemen-91e5dee9-5617-440c-adb9-131085f51dea","source":"Embedded","id":"/providers/Microsoft.PowerApps/apis/shared_flowmanagement","tier":"NotSpecified"},"shared_sharepointonline":{"connectionName":"03230dfbfd0346e592215ce51caf15c1","source":"Embedded","id":"/providers/Microsoft.PowerApps/apis/shared_sharepointonline","tier":"NotSpecified"}},"flowFailureAlertSubscribed":false}}